{
  "axis": "rwkv7_native_prefill_correctness",
  "status": "pass",
  "min_cosine_required": 0.9999,
  "input_ids_match": true,
  "greedy_tokens_match": true,
  "greedy_tokens": [
    47253,
    47,
    29894,
    57192,
    4600,
    57093,
    31581,
    4811,
    37923,
    64889,
    59226,
    47575,
    47,
    4171,
    1184,
    21265,
    316,
    9069,
    21286,
    56529,
    46587,
    59652,
    32487,
    59808,
    47522,
    47253,
    47,
    29894,
    57192,
    4600,
    57093,
    31581
  ],
  "prompt_logits_cosine": 0.999995231628418,
  "prompt_logits_max_abs": 0.0,
  "final_logits_cosine": 0.9999954104423523,
  "final_logits_max_abs": 0.0625
}
