{
  "axis": "rwkv7_native_prefill_correctness",
  "status": "pass",
  "min_cosine_required": 0.9999,
  "input_ids_match": true,
  "greedy_tokens_match": true,
  "greedy_tokens": [
    316,
    9069,
    21286,
    56529,
    46587,
    59652,
    32487,
    59808
  ],
  "prompt_logits_cosine": 0.9999784827232361,
  "prompt_logits_max_abs": 0.671875,
  "final_logits_cosine": 0.9999818801879883,
  "final_logits_max_abs": 0.765625
}
