backend,seed,status,steps_completed,finite,train_loss_auc,validation_loss_auc,final_validation_loss,min_validation_loss,max_grad_norm,runtime_s
official_rwkv_lm_train_temp,131,pass,1000,True,3.0153091545030475,4.905782562990983,0.10027629137039185,0.09597669541835785,4704.0,48.40610851800011
official_rwkv_lm_train_temp,232,pass,1000,True,2.940326755568385,2.7470685104351666,0.00207403302192688,0.00207403302192688,4048.0,47.21998799499943
official_rwkv_lm_train_temp,333,pass,1000,True,7.416866418398917,8.348892575218564,4.227321624755859,4.227321624755859,3456.0,50.87297764499999
hf_train_temp_cuda,131,pass,1000,True,2.9736839289851487,4.655438246737633,0.02040458284318447,0.01612522453069687,4800.0,47.6961660220004
hf_train_temp_cuda,232,pass,1000,True,2.989585808409378,2.7232964024657296,0.002550208941102028,0.002226758748292923,5376.0,42.27037753299919
hf_train_temp_cuda,333,pass,1000,True,9.693567966461181,10.350874946230935,8.017973899841309,8.017973899841309,33792.0,43.51841159400101
