{
  "axis": "rwkv7_native_prefill_correctness",
  "status": "pass",
  "min_cosine_required": 0.9999,
  "input_ids_match": true,
  "greedy_tokens_match": true,
  "greedy_tokens": [
    47253,
    47,
    29894,
    57192,
    4600,
    57093,
    31581,
    4811
  ],
  "prompt_logits_cosine": 0.9999955892562866,
  "prompt_logits_max_abs": 0.078125,
  "final_logits_cosine": 0.9999958276748657,
  "final_logits_max_abs": 0.03125
}
