{
  "extension_error": null,
  "fp32_repeat_equal": true,
  "det4_repeat_equal": true,
  "det4_vs_fp32_min_cosine": 0.9999998807907104,
  "det4_vs_fp32_max_abs": 0.0,
  "fp32_ms": 0.04741824150085449,
  "det4_ms": 0.04557055950164795,
  "speedup": 1.0405455192872872
}
