{
  "rows": 6,
  "all_batch_traces_equal": true,
  "median": {
    "1": 146.42,
    "8": 899.51
  },
  "official": {
    "1": 146.277,
    "8": 890.21
  },
  "ratio": {
    "1": 1.0009775972982766,
    "8": 1.010446973186102
  },
  "status": "pass"
}
