{"A": [8391.790420704758, 8136.593828454272, 8138.326023328254, 8329.02243755538, 7983.288100698885, 8099.266740204414, 8102.350534354555, 8195.100892841027, 8154.342389534543, 8091.749615284918], "B": [8476.185339858344, 8187.922048330936, 8145.844298688963, 8535.23858516191, 8281.678245296283, 8247.409319442626, 8300.988864352117, 8360.050527595826, 8329.1366042016, 8108.733723641378], "A_median": 8137.459925891263, "B_median": 8291.3335548242, "B_over_A": 1.0189092948333116, "pair_ratios": [1.0100568430481012, 1.0063083178242431, 1.0009238110317966, 1.024758745597407, 1.0373768478393353, 1.018290863110217, 1.0245161362934523, 1.0201278345332996, 1.0214357217684888, 1.0020989414111847], "logits_max_abs": 0.0625, "state_max_abs": 0.046875}
