{"A": [6319.157544886882, 6187.076191961159, 6191.327428888863, 6207.186745561144, 6015.388982665661, 6073.641452407393, 6158.437985003442, 6144.69336786024, 6240.9877789767725, 6053.599114337722], "B": [6940.543059322952, 6587.22408510697, 6633.142494423124, 6762.21936688993, 6839.85403961117, 6722.466083771113, 6787.391654809692, 6741.90053348585, 6674.815002213009, 6912.449863849885], "A_median": 6172.7570884823, "B_median": 6752.05995018789, "B_over_A": 1.0938483166276713, "pair_ratios": [1.0983336006456845, 1.0646747964193042, 1.0713603133752452, 1.0894177417371402, 1.1370593089360208, 1.1068262979380428, 1.1021287656606806, 1.0971907188647194, 1.0695125897694617, 1.1418744012100186], "logits_max_abs": 0.09375, "state_max_abs": 0.078125}
