backend,seed,status,steps_completed,finite,train_loss_auc,validation_loss_auc,final_validation_loss,min_validation_loss,max_grad_norm,runtime_s
official_train_temp,131,pass,1000,True,0.033689758052998516,0.5334896262426073,2.621737075969577e-05,2.621737075969577e-05,544.0,81.91068848600116
official_train_temp,232,pass,1000,True,0.03369310550127557,0.5334854891545893,3.1261508411262184e-05,3.1261508411262184e-05,544.0,82.43365635499504
official_train_temp,333,pass,1000,True,0.033693307336299765,0.5334936812704698,3.1153893360169604e-05,3.1153893360169604e-05,544.0,82.31138783400093
hf_native_train_temp_cuda,131,pass,1000,True,0.0336892693130103,0.5334765278837169,3.0950010113883764e-05,3.0950010113883764e-05,544.0,91.36506465399725
hf_native_train_temp_cuda,232,pass,1000,True,0.03369249969611701,0.5335142040047296,3.117985761491582e-05,3.117985761491582e-05,544.0,85.63534678200085
hf_native_train_temp_cuda,333,pass,1000,True,0.03369264581693642,0.5334647868739488,3.0763862014282495e-05,3.0763862014282495e-05,544.0,86.65168149799865
